race_id,state_postal,state_name,race_call_status,last_updated,precincts_reporting,precincts_total,precincts_reporting_pct,expected_vote_pct,total_votes,candidate_id,first_name,last_name,party,incumbent,vote_count,vote_pct
20241105AK0,AK,Alaska,Called,2024-11-08T00:48:50.765000+00:00,308,403,76.43,76.5,255391,8639,Donald,Trump,GOP,False,141826,55.53
20241105AK0,AK,Alaska,Called,2024-11-08T00:48:50.765000+00:00,308,403,76.43,76.5,255391,64984,Kamala,Harris,Dem,False,103200,40.41
20241105AK0,AK,Alaska,Called,2024-11-08T00:48:50.765000+00:00,308,403,76.43,76.5,255391,71841,Robert,Kennedy,PEC,False,4331,1.7
20241105AK0,AK,Alaska,Called,2024-11-08T00:48:50.765000+00:00,308,403,76.43,76.5,255391,69459,Chase,Oliver,Lib,False,2267,0.89
20241105AK0,AK,Alaska,Called,2024-11-08T00:48:50.765000+00:00,308,403,76.43,76.5,255391,895,Jill,Stein,PEC,False,1675,0.66
20241105AK0,AK,Alaska,Called,2024-11-08T00:48:50.765000+00:00,308,403,76.43,76.5,255391,71845,Cornel,West,Aur,False,910,0.36
20241105AK0,AK,Alaska,Called,2024-11-08T00:48:50.765000+00:00,308,403,76.43,76.5,255391,61513,Randall,Terry,CST,False,677,0.27
20241105AK0,AK,Alaska,Called,2024-11-08T00:48:50.765000+00:00,308,403,76.43,76.5,255391,167861,Peter,Sonski,ASP,False,505,0.2
20241105AL0,AL,Alabama,Called,2024-11-07T21:26:29.365000+00:00,2008,2028,99.01,99.0,2248337,8639,Donald,Trump,GOP,False,1457704,64.83
20241105AL0,AL,Alabama,Called,2024-11-07T21:26:29.365000+00:00,2008,2028,99.01,99.0,2248337,64984,Kamala,Harris,Dem,False,769391,34.22
20241105AL0,AL,Alabama,Called,2024-11-07T21:26:29.365000+00:00,2008,2028,99.01,99.0,2248337,71841,Robert,Kennedy,Ind,False,12026,0.53
20241105AL0,AL,Alabama,Called,2024-11-07T21:26:29.365000+00:00,2008,2028,99.01,99.0,2248337,69459,Chase,Oliver,Ind,False,4915,0.22
20241105AL0,AL,Alabama,Called,2024-11-07T21:26:29.365000+00:00,2008,2028,99.01,99.0,2248337,895,Jill,Stein,Ind,False,4301,0.19
20241105AR0,AR,Arkansas,Called,2024-11-07T22:36:32.885000+00:00,2813,2841,99.01,99.0,1180865,8639,Donald,Trump,GOP,False,758583,64.24
20241105AR0,AR,Arkansas,Called,2024-11-07T22:36:32.885000+00:00,2813,2841,99.01,99.0,1180865,64984,Kamala,Harris,Dem,False,395816,33.52
20241105AR0,AR,Arkansas,Called,2024-11-07T22:36:32.885000+00:00,2813,2841,99.01,99.0,1180865,71841,Robert,Kennedy,Ind,False,13223,1.12
20241105AR0,AR,Arkansas,Called,2024-11-07T22:36:32.885000+00:00,2813,2841,99.01,99.0,1180865,69459,Chase,Oliver,Lib,False,5707,0.48
20241105AR0,AR,Arkansas,Called,2024-11-07T22:36:32.885000+00:00,2813,2841,99.01,99.0,1180865,895,Jill,Stein,Grn,False,4264,0.36
20241105AR0,AR,Arkansas,Called,2024-11-07T22:36:32.885000+00:00,2813,2841,99.01,99.0,1180865,167861,Peter,Sonski,ASP,False,2130,0.18
20241105AR0,AR,Arkansas,Called,2024-11-07T22:36:32.885000+00:00,2813,2841,99.01,99.0,1180865,168059,Michael,Wood,Pro,False,1142,0.1
20241105AZ0,AZ,Arizona,Too Early to Call,2024-11-08T02:07:31.421000+00:00,1320,1736,76.04,76.02,2639648,8639,Donald,Trump,GOP,False,1385169,52.48
20241105AZ0,AZ,Arizona,Too Early to Call,2024-11-08T02:07:31.421000+00:00,1320,1736,76.04,76.02,2639648,64984,Kamala,Harris,Dem,False,1229977,46.6
20241105AZ0,AZ,Arizona,Too Early to Call,2024-11-08T02:07:31.421000+00:00,1320,1736,76.04,76.02,2639648,69459,Chase,Oliver,Lib,False,12310,0.47
20241105AZ0,AZ,Arizona,Too Early to Call,2024-11-08T02:07:31.421000+00:00,1320,1736,76.04,76.02,2639648,895,Jill,Stein,Grn,False,12192,0.46
20241105CA0,CA,California,Called,2024-11-08T02:06:37.093000+00:00,14494,24811,58.42,58.42,10566354,64984,Kamala,Harris,Dem,False,6086240,57.6
20241105CA0,CA,California,Called,2024-11-08T02:06:37.093000+00:00,14494,24811,58.42,58.42,10566354,8639,Donald,Trump,GOP,False,4199239,39.74
20241105CA0,CA,California,Called,2024-11-08T02:06:37.093000+00:00,14494,24811,58.42,58.42,10566354,71841,Robert,Kennedy,AIP,False,116095,1.1
20241105CA0,CA,California,Called,2024-11-08T02:06:37.093000+00:00,14494,24811,58.42,58.42,10566354,895,Jill,Stein,Grn,False,87603,0.83
20241105CA0,CA,California,Called,2024-11-08T02:06:37.093000+00:00,14494,24811,58.42,58.42,10566354,69459,Chase,Oliver,Lib,False,39633,0.38
20241105CA0,CA,California,Called,2024-11-08T02:06:37.093000+00:00,14494,24811,58.42,58.42,10566354,73180,Claudia,De la Cruz,PFP,False,37544,0.36
20241105CO0,CO,Colorado,Called,2024-11-08T02:11:26.459000+00:00,2651,3202,82.79,82.79,2880318,64984,Kamala,Harris,Dem,False,1571419,54.56
20241105CO0,CO,Colorado,Called,2024-11-08T02:11:26.459000+00:00,2651,3202,82.79,82.79,2880318,8639,Donald,Trump,GOP,False,1235924,42.91
20241105CO0,CO,Colorado,Called,2024-11-08T02:11:26.459000+00:00,2651,3202,82.79,82.79,2880318,71841,Robert,Kennedy,Una,False,30918,1.07
20241105CO0,CO,Colorado,Called,2024-11-08T02:11:26.459000+00:00,2651,3202,82.79,82.79,2880318,69459,Chase,Oliver,Lib,False,18694,0.65
20241105CO0,CO,Colorado,Called,2024-11-08T02:11:26.459000+00:00,2651,3202,82.79,82.79,2880318,895,Jill,Stein,Grn,False,14037,0.49
20241105CO0,CO,Colorado,Called,2024-11-08T02:11:26.459000+00:00,2651,3202,82.79,82.79,2880318,71845,Cornel,West,Uty,False,4223,0.15
20241105CO0,CO,Colorado,Called,2024-11-08T02:11:26.459000+00:00,2651,3202,82.79,82.79,2880318,61513,Randall,Terry,AmC,False,3160,0.11
20241105CO0,CO,Colorado,Called,2024-11-08T02:11:26.459000+00:00,2651,3202,82.79,82.79,2880318,69443,Blake,Huber,AVP,False,1943,0.07
20241105CT0,CT,Connecticut,Called,2024-11-08T02:17:37.642000+00:00,752,757,99.34,97.07,1732146,64984,Kamala,Harris,Dem,False,973540,56.2
20241105CT0,CT,Connecticut,Called,2024-11-08T02:17:37.642000+00:00,752,757,99.34,97.07,1732146,8639,Donald,Trump,GOP,False,729474,42.11
20241105CT0,CT,Connecticut,Called,2024-11-08T02:17:37.642000+00:00,752,757,99.34,97.07,1732146,895,Jill,Stein,Grn,False,14120,0.82
20241105CT0,CT,Connecticut,Called,2024-11-08T02:17:37.642000+00:00,752,757,99.34,97.07,1732146,71841,Robert,Kennedy,PEC,False,8334,0.48
20241105CT0,CT,Connecticut,Called,2024-11-08T02:17:37.642000+00:00,752,757,99.34,97.07,1732146,69459,Chase,Oliver,Lib,False,6678,0.39
20241105DC0,DC,District of Columbia,Called,2024-11-07T21:46:52.974000+00:00,125,144,86.81,86.9,290863,64984,Kamala,Harris,Dem,False,268992,92.48
20241105DC0,DC,District of Columbia,Called,2024-11-07T21:46:52.974000+00:00,125,144,86.81,86.9,290863,8639,Donald,Trump,GOP,False,19402,6.67
20241105DC0,DC,District of Columbia,Called,2024-11-07T21:46:52.974000+00:00,125,144,86.81,86.9,290863,71841,Robert,Kennedy,Ind,False,2469,0.85
20241105DE0,DE,Delaware,Called,2024-11-06T22:25:23.119000+00:00,528,533,99.06,99.0,511353,64984,Kamala,Harris,Dem,False,289585,56.63
20241105DE0,DE,Delaware,Called,2024-11-06T22:25:23.119000+00:00,528,533,99.06,99.0,511353,8639,Donald,Trump,GOP,False,214184,41.89
20241105DE0,DE,Delaware,Called,2024-11-06T22:25:23.119000+00:00,528,533,99.06,99.0,511353,71841,Robert,Kennedy,IPD,False,4633,0.91
20241105DE0,DE,Delaware,Called,2024-11-06T22:25:23.119000+00:00,528,533,99.06,99.0,511353,69459,Chase,Oliver,Lib,False,2037,0.4
20241105DE0,DE,Delaware,Called,2024-11-06T22:25:23.119000+00:00,528,533,99.06,99.0,511353,1968,Vermin,Supreme,Con,False,914,0.18
20241105FL0,FL,Florida,Called,2024-11-08T02:11:32.882000+00:00,5575,5631,99.01,99.0,10878615,8639,Donald,Trump,GOP,False,6103340,56.1
20241105FL0,FL,Florida,Called,2024-11-08T02:11:32.882000+00:00,5575,5631,99.01,99.0,10878615,64984,Kamala,Harris,Dem,False,4675152,42.98
20241105FL0,FL,Florida,Called,2024-11-08T02:11:32.882000+00:00,5575,5631,99.01,99.0,10878615,895,Jill,Stein,Grn,False,43025,0.4
20241105FL0,FL,Florida,Called,2024-11-08T02:11:32.882000+00:00,5575,5631,99.01,99.0,10878615,69459,Chase,Oliver,Lib,False,31907,0.29
20241105FL0,FL,Florida,Called,2024-11-08T02:11:32.882000+00:00,5575,5631,99.01,99.0,10878615,73180,Claudia,De la Cruz,PSL,False,11939,0.11
20241105FL0,FL,Florida,Called,2024-11-08T02:11:32.882000+00:00,5575,5631,99.01,99.0,10878615,167861,Peter,Sonski,ASP,False,7430,0.07
20241105FL0,FL,Florida,Called,2024-11-08T02:11:32.882000+00:00,5575,5631,99.01,99.0,10878615,61513,Randall,Terry,CST,False,5822,0.05
20241105GA0,GA,Georgia,Called,2024-11-07T22:31:25.274000+00:00,2701,2701,100.0,98.48,5242938,8639,Donald,Trump,GOP,False,2660629,50.75
20241105GA0,GA,Georgia,Called,2024-11-07T22:31:25.274000+00:00,2701,2701,100.0,98.48,5242938,64984,Kamala,Harris,Dem,False,2543453,48.51
20241105GA0,GA,Georgia,Called,2024-11-07T22:31:25.274000+00:00,2701,2701,100.0,98.48,5242938,69459,Chase,Oliver,Lib,False,20666,0.39
20241105GA0,GA,Georgia,Called,2024-11-07T22:31:25.274000+00:00,2701,2701,100.0,98.48,5242938,895,Jill,Stein,Grn,False,18190,0.35
20241105HI0,HI,Hawaii,Called,2024-11-07T15:18:43.410000+00:00,39,39,100.0,99.0,515508,64984,Kamala,Harris,Dem,False,312384,60.6
20241105HI0,HI,Hawaii,Called,2024-11-07T15:18:43.410000+00:00,39,39,100.0,99.0,515508,8639,Donald,Trump,GOP,False,193169,37.47
20241105HI0,HI,Hawaii,Called,2024-11-07T15:18:43.410000+00:00,39,39,100.0,99.0,515508,895,Jill,Stein,Grn,False,4372,0.85
20241105HI0,HI,Hawaii,Called,2024-11-07T15:18:43.410000+00:00,39,39,100.0,99.0,515508,69459,Chase,Oliver,Lib,False,2719,0.53
20241105HI0,HI,Hawaii,Called,2024-11-07T15:18:43.410000+00:00,39,39,100.0,99.0,515508,73180,Claudia,De la Cruz,PSL,False,1931,0.37
20241105HI0,HI,Hawaii,Called,2024-11-07T15:18:43.410000+00:00,39,39,100.0,99.0,515508,167861,Peter,Sonski,ASP,False,933,0.18
20241105IA0,IA,Iowa,Called,2024-11-08T00:11:34.708000+00:00,1653,1653,100.0,99.0,1655224,8639,Donald,Trump,GOP,False,926079,55.95
20241105IA0,IA,Iowa,Called,2024-11-08T00:11:34.708000+00:00,1653,1653,100.0,99.0,1655224,64984,Kamala,Harris,Dem,False,706539,42.69
20241105IA0,IA,Iowa,Called,2024-11-08T00:11:34.708000+00:00,1653,1653,100.0,99.0,1655224,71841,Robert,Kennedy,WTP,False,13105,0.79
20241105IA0,IA,Iowa,Called,2024-11-08T00:11:34.708000+00:00,1653,1653,100.0,99.0,1655224,69459,Chase,Oliver,Lib,False,7212,0.44
20241105IA0,IA,Iowa,Called,2024-11-08T00:11:34.708000+00:00,1653,1653,100.0,99.0,1655224,73180,Claudia,De la Cruz,PSL,False,1423,0.09
20241105IA0,IA,Iowa,Called,2024-11-08T00:11:34.708000+00:00,1653,1653,100.0,99.0,1655224,167895,Shiva,Ayyadurai,NPA,False,505,0.03
20241105IA0,IA,Iowa,Called,2024-11-08T00:11:34.708000+00:00,1653,1653,100.0,99.0,1655224,167896,William,Stodden,SPU,False,361,0.02
20241105ID0,ID,Idaho,Called,2024-11-07T22:28:46.696000+00:00,965,975,98.97,99.0,904464,8639,Donald,Trump,GOP,False,605041,66.89
20241105ID0,ID,Idaho,Called,2024-11-07T22:28:46.696000+00:00,965,975,98.97,99.0,904464,64984,Kamala,Harris,Dem,False,274837,30.39
20241105ID0,ID,Idaho,Called,2024-11-07T22:28:46.696000+00:00,965,975,98.97,99.0,904464,71841,Robert,Kennedy,Ind,False,12809,1.42
20241105ID0,ID,Idaho,Called,2024-11-07T22:28:46.696000+00:00,965,975,98.97,99.0,904464,69459,Chase,Oliver,Lib,False,4462,0.49
20241105ID0,ID,Idaho,Called,2024-11-07T22:28:46.696000+00:00,965,975,98.97,99.0,904464,895,Jill,Stein,Ind,False,2971,0.33
20241105ID0,ID,Idaho,Called,2024-11-07T22:28:46.696000+00:00,965,975,98.97,99.0,904464,167871,Joel,Skousen,CST,False,1575,0.17
20241105ID0,ID,Idaho,Called,2024-11-07T22:28:46.696000+00:00,965,975,98.97,99.0,904464,73180,Claudia,De la Cruz,Ind,False,1230,0.14
20241105ID0,ID,Idaho,Called,2024-11-07T22:28:46.696000+00:00,965,975,98.97,99.0,904464,61513,Randall,Terry,Ind,False,1025,0.11
20241105ID0,ID,Idaho,Called,2024-11-07T22:28:46.696000+00:00,965,975,98.97,99.0,904464,167895,Shiva,Ayyadurai,Ind,False,514,0.06
20241105IL0,IL,Illinois,Called,2024-11-07T23:41:43.582000+00:00,8311,8503,97.74,97.84,5328255,64984,Kamala,Harris,Dem,False,2854439,53.57
20241105IL0,IL,Illinois,Called,2024-11-07T23:41:43.582000+00:00,8311,8503,97.74,97.84,5328255,8639,Donald,Trump,GOP,False,2397297,44.99
20241105IL0,IL,Illinois,Called,2024-11-07T23:41:43.582000+00:00,8311,8503,97.74,97.84,5328255,71841,Robert,Kennedy,Ind,False,76519,1.44
20241105IN0,IN,Indiana,Called,2024-11-08T00:17:40.119000+00:00,4855,5113,94.95,94.96,2892463,8639,Donald,Trump,GOP,False,1695236,58.61
20241105IN0,IN,Indiana,Called,2024-11-08T00:17:40.119000+00:00,4855,5113,94.95,94.96,2892463,64984,Kamala,Harris,Dem,False,1147929,39.69
20241105IN0,IN,Indiana,Called,2024-11-08T00:17:40.119000+00:00,4855,5113,94.95,94.96,2892463,71841,Robert,Kennedy,WTP,False,29054,1.0
20241105IN0,IN,Indiana,Called,2024-11-08T00:17:40.119000+00:00,4855,5113,94.95,94.96,2892463,69459,Chase,Oliver,Lib,False,20244,0.7
20241105KS0,KS,Kansas,Called,2024-11-07T23:38:46.441000+00:00,4076,4126,98.79,99.0,1291339,8639,Donald,Trump,GOP,False,739689,57.28
20241105KS0,KS,Kansas,Called,2024-11-07T23:38:46.441000+00:00,4076,4126,98.79,99.0,1291339,64984,Kamala,Harris,Dem,False,528559,40.93
20241105KS0,KS,Kansas,Called,2024-11-07T23:38:46.441000+00:00,4076,4126,98.79,99.0,1291339,71841,Robert,Kennedy,Ind,False,15728,1.22
20241105KS0,KS,Kansas,Called,2024-11-07T23:38:46.441000+00:00,4076,4126,98.79,99.0,1291339,69459,Chase,Oliver,Lib,False,7363,0.57
20241105KY0,KY,Kentucky,Called,2024-11-07T23:41:14.782000+00:00,3201,3233,99.01,99.0,2067867,8639,Donald,Trump,GOP,False,1335532,64.59
20241105KY0,KY,Kentucky,Called,2024-11-07T23:41:14.782000+00:00,3201,3233,99.01,99.0,2067867,64984,Kamala,Harris,Dem,False,700641,33.88
20241105KY0,KY,Kentucky,Called,2024-11-07T23:41:14.782000+00:00,3201,3233,99.01,99.0,2067867,71841,Robert,Kennedy,Ind,False,16745,0.81
20241105KY0,KY,Kentucky,Called,2024-11-07T23:41:14.782000+00:00,3201,3233,99.01,99.0,2067867,895,Jill,Stein,Oth,False,7531,0.36
20241105KY0,KY,Kentucky,Called,2024-11-07T23:41:14.782000+00:00,3201,3233,99.01,99.0,2067867,69459,Chase,Oliver,Lib,False,6405,0.31
20241105KY0,KY,Kentucky,Called,2024-11-07T23:41:14.782000+00:00,3201,3233,99.01,99.0,2067867,167895,Shiva,Ayyadurai,Ind,False,1013,0.05
20241105LA0,LA,Louisiana,Called,2024-11-07T21:42:42.327000+00:00,3805,3805,100.0,99.0,2006224,8639,Donald,Trump,GOP,False,1208233,60.22
20241105LA0,LA,Louisiana,Called,2024-11-07T21:42:42.327000+00:00,3805,3805,100.0,99.0,2006224,64984,Kamala,Harris,Dem,False,766405,38.2
20241105LA0,LA,Louisiana,Called,2024-11-07T21:42:42.327000+00:00,3805,3805,100.0,99.0,2006224,895,Jill,Stein,Grn,False,7136,0.36
20241105LA0,LA,Louisiana,Called,2024-11-07T21:42:42.327000+00:00,3805,3805,100.0,99.0,2006224,69459,Chase,Oliver,Lib,False,6831,0.34
20241105LA0,LA,Louisiana,Called,2024-11-07T21:42:42.327000+00:00,3805,3805,100.0,99.0,2006224,71841,Robert,Kennedy,WTP,False,6638,0.33
20241105LA0,LA,Louisiana,Called,2024-11-07T21:42:42.327000+00:00,3805,3805,100.0,99.0,2006224,167894,Mattie,Preston,Oth,False,2857,0.14
20241105LA0,LA,Louisiana,Called,2024-11-07T21:42:42.327000+00:00,3805,3805,100.0,99.0,2006224,71845,Cornel,West,JfA,False,2620,0.13
20241105LA0,LA,Louisiana,Called,2024-11-07T21:42:42.327000+00:00,3805,3805,100.0,99.0,2006224,167861,Peter,Sonski,ASP,False,2240,0.11
20241105LA0,LA,Louisiana,Called,2024-11-07T21:42:42.327000+00:00,3805,3805,100.0,99.0,2006224,73180,Claudia,De la Cruz,PSL,False,1480,0.07
20241105LA0,LA,Louisiana,Called,2024-11-07T21:42:42.327000+00:00,3805,3805,100.0,99.0,2006224,61513,Randall,Terry,CST,False,1424,0.07
20241105LA0,LA,Louisiana,Called,2024-11-07T21:42:42.327000+00:00,3805,3805,100.0,99.0,2006224,167760,Rachele,Fruit,SWP,False,360,0.02
20241105MA0,MA,Massachusetts,Called,2024-11-07T21:53:13.428000+00:00,2386,2390,99.83,98.98,3380637,64984,Kamala,Harris,Dem,False,2072414,61.3
20241105MA0,MA,Massachusetts,Called,2024-11-07T21:53:13.428000+00:00,2386,2390,99.83,98.98,3380637,8639,Donald,Trump,GOP,False,1234371,36.51
20241105MA0,MA,Massachusetts,Called,2024-11-07T21:53:13.428000+00:00,2386,2390,99.83,98.98,3380637,895,Jill,Stein,GRB,False,25226,0.75
20241105MA0,MA,Massachusetts,Called,2024-11-07T21:53:13.428000+00:00,2386,2390,99.83,98.98,3380637,167895,Shiva,Ayyadurai,Ind,False,19020,0.56
20241105MA0,MA,Massachusetts,Called,2024-11-07T21:53:13.428000+00:00,2386,2390,99.83,98.98,3380637,69459,Chase,Oliver,Lib,False,17325,0.51
20241105MA0,MA,Massachusetts,Called,2024-11-07T21:53:13.428000+00:00,2386,2390,99.83,98.98,3380637,73180,Claudia,De la Cruz,PSL,False,12281,0.36
20241105MD0,MD,Maryland,Called,2024-11-08T01:45:32.853000+00:00,1958,1958,100.0,82.14,2571401,64984,Kamala,Harris,Dem,False,1561259,60.72
20241105MD0,MD,Maryland,Called,2024-11-08T01:45:32.853000+00:00,1958,1958,100.0,82.14,2571401,8639,Donald,Trump,GOP,False,944636,36.74
20241105MD0,MD,Maryland,Called,2024-11-08T01:45:32.853000+00:00,1958,1958,100.0,82.14,2571401,895,Jill,Stein,Grn,False,27044,1.05
20241105MD0,MD,Maryland,Called,2024-11-08T01:45:32.853000+00:00,1958,1958,100.0,82.14,2571401,71841,Robert,Kennedy,Una,False,25115,0.98
20241105MD0,MD,Maryland,Called,2024-11-08T01:45:32.853000+00:00,1958,1958,100.0,82.14,2571401,69459,Chase,Oliver,Lib,False,13347,0.52
20241105ME0,ME,Maine,Called,2024-11-07T23:47:37.469000+00:00,564,575,98.09,98.1,824968,64984,Kamala,Harris,Dem,False,430207,52.15
20241105ME0,ME,Maine,Called,2024-11-07T23:47:37.469000+00:00,564,575,98.09,98.1,824968,8639,Donald,Trump,GOP,False,374014,45.34
20241105ME0,ME,Maine,Called,2024-11-07T23:47:37.469000+00:00,564,575,98.09,98.1,824968,895,Jill,Stein,Grn,False,8987,1.09
20241105ME0,ME,Maine,Called,2024-11-07T23:47:37.469000+00:00,564,575,98.09,98.1,824968,69459,Chase,Oliver,Lib,False,7043,0.85
20241105ME0,ME,Maine,Called,2024-11-07T23:47:37.469000+00:00,564,575,98.09,98.1,824968,71845,Cornel,West,JfA,False,2885,0.35
20241105ME82970,ME,Maine,Called,2024-11-07T23:41:47.147000+00:00,154,154,100.0,98.22,432384,64984,Kamala,Harris,Dem,False,256570,59.34
20241105ME82970,ME,Maine,Called,2024-11-07T23:41:47.147000+00:00,154,154,100.0,98.22,432384,8639,Donald,Trump,GOP,False,165322,38.23
20241105ME82970,ME,Maine,Called,2024-11-07T23:41:47.147000+00:00,154,154,100.0,98.22,432384,895,Jill,Stein,Grn,False,4825,1.12
20241105ME82970,ME,Maine,Called,2024-11-07T23:41:47.147000+00:00,154,154,100.0,98.22,432384,69459,Chase,Oliver,Lib,False,2820,0.65
20241105ME82970,ME,Maine,Called,2024-11-07T23:41:47.147000+00:00,154,154,100.0,98.22,432384,71845,Cornel,West,JfA,False,1652,0.38
20241105ME82971,ME,Maine,Called,2024-11-07T23:47:40.289000+00:00,410,421,97.39,97.79,392593,8639,Donald,Trump,GOP,False,208692,53.16
20241105ME82971,ME,Maine,Called,2024-11-07T23:47:40.289000+00:00,410,421,97.39,97.79,392593,64984,Kamala,Harris,Dem,False,173637,44.23
20241105ME82971,ME,Maine,Called,2024-11-07T23:47:40.289000+00:00,410,421,97.39,97.79,392593,69459,Chase,Oliver,Lib,False,4223,1.08
20241105ME82971,ME,Maine,Called,2024-11-07T23:47:40.289000+00:00,410,421,97.39,97.79,392593,895,Jill,Stein,Grn,False,4162,1.06
20241105ME82971,ME,Maine,Called,2024-11-07T23:47:40.289000+00:00,410,421,97.39,97.79,392593,71845,Cornel,West,JfA,False,1233,0.31
20241105MI0,MI,Michigan,Called,2024-11-08T02:17:36.689000+00:00,4146,4511,91.91,99.0,5633215,8639,Donald,Trump,GOP,False,2802428,49.75
20241105MI0,MI,Michigan,Called,2024-11-08T02:17:36.689000+00:00,4146,4511,91.91,99.0,5633215,64984,Kamala,Harris,Dem,False,2720831,48.3
20241105MI0,MI,Michigan,Called,2024-11-08T02:17:36.689000+00:00,4146,4511,91.91,99.0,5633215,895,Jill,Stein,Grn,False,44684,0.79
20241105MI0,MI,Michigan,Called,2024-11-08T02:17:36.689000+00:00,4146,4511,91.91,99.0,5633215,71841,Robert,Kennedy,NLP,False,26815,0.48
20241105MI0,MI,Michigan,Called,2024-11-08T02:17:36.689000+00:00,4146,4511,91.91,99.0,5633215,69459,Chase,Oliver,Lib,False,22582,0.4
20241105MI0,MI,Michigan,Called,2024-11-08T02:17:36.689000+00:00,4146,4511,91.91,99.0,5633215,61513,Randall,Terry,UST,False,6720,0.12
20241105MI0,MI,Michigan,Called,2024-11-08T02:17:36.689000+00:00,4146,4511,91.91,99.0,5633215,71845,Cornel,West,NPA,False,6719,0.12
20241105MI0,MI,Michigan,Called,2024-11-08T02:17:36.689000+00:00,4146,4511,91.91,99.0,5633215,69442,Joseph,Kishore,NPA,False,2436,0.04
20241105MN0,MN,Minnesota,Called,2024-11-08T02:10:48.579000+00:00,4103,4103,100.0,98.94,3237540,64984,Kamala,Harris,Dem,False,1656279,51.16
20241105MN0,MN,Minnesota,Called,2024-11-08T02:10:48.579000+00:00,4103,4103,100.0,98.94,3237540,8639,Donald,Trump,GOP,False,1516419,46.84
20241105MN0,MN,Minnesota,Called,2024-11-08T02:10:48.579000+00:00,4103,4103,100.0,98.94,3237540,71841,Robert,Kennedy,WTP,False,23974,0.74
20241105MN0,MN,Minnesota,Called,2024-11-08T02:10:48.579000+00:00,4103,4103,100.0,98.94,3237540,895,Jill,Stein,Grn,False,16265,0.5
20241105MN0,MN,Minnesota,Called,2024-11-08T02:10:48.579000+00:00,4103,4103,100.0,98.94,3237540,69459,Chase,Oliver,Lib,False,15128,0.47
20241105MN0,MN,Minnesota,Called,2024-11-08T02:10:48.579000+00:00,4103,4103,100.0,98.94,3237540,71845,Cornel,West,JfA,False,3136,0.1
20241105MN0,MN,Minnesota,Called,2024-11-08T02:10:48.579000+00:00,4103,4103,100.0,98.94,3237540,73180,Claudia,De la Cruz,PSL,False,2996,0.09
20241105MN0,MN,Minnesota,Called,2024-11-08T02:10:48.579000+00:00,4103,4103,100.0,98.94,3237540,167895,Shiva,Ayyadurai,Ind,False,2886,0.09
20241105MN0,MN,Minnesota,Called,2024-11-08T02:10:48.579000+00:00,4103,4103,100.0,98.94,3237540,167760,Rachele,Fruit,SWP,False,457,0.01
20241105MO0,MO,Missouri,Called,2024-11-07T23:21:06.262000+00:00,3573,3573,100.0,99.0,2970536,8639,Donald,Trump,GOP,False,1739020,58.54
20241105MO0,MO,Missouri,Called,2024-11-07T23:21:06.262000+00:00,3573,3573,100.0,99.0,2970536,64984,Kamala,Harris,Dem,False,1190806,40.09
20241105MO0,MO,Missouri,Called,2024-11-07T23:21:06.262000+00:00,3573,3573,100.0,99.0,2970536,69459,Chase,Oliver,Lib,False,23754,0.8
20241105MO0,MO,Missouri,Called,2024-11-07T23:21:06.262000+00:00,3573,3573,100.0,99.0,2970536,895,Jill,Stein,Grn,False,16956,0.57
20241105MS0,MS,Mississippi,Called,2024-11-07T19:59:00.004000+00:00,1752,1755,99.83,98.96,1098722,8639,Donald,Trump,GOP,False,674737,61.41
20241105MS0,MS,Mississippi,Called,2024-11-07T19:59:00.004000+00:00,1752,1755,99.83,98.96,1098722,64984,Kamala,Harris,Dem,False,411051,37.41
20241105MS0,MS,Mississippi,Called,2024-11-07T19:59:00.004000+00:00,1752,1755,99.83,98.96,1098722,71841,Robert,Kennedy,Ind,False,4971,0.45
20241105MS0,MS,Mississippi,Called,2024-11-07T19:59:00.004000+00:00,1752,1755,99.83,98.96,1098722,69459,Chase,Oliver,Lib,False,2338,0.21
20241105MS0,MS,Mississippi,Called,2024-11-07T19:59:00.004000+00:00,1752,1755,99.83,98.96,1098722,895,Jill,Stein,Grn,False,1724,0.16
20241105MS0,MS,Mississippi,Called,2024-11-07T19:59:00.004000+00:00,1752,1755,99.83,98.96,1098722,61513,Randall,Terry,CST,False,1306,0.12
20241105MS0,MS,Mississippi,Called,2024-11-07T19:59:00.004000+00:00,1752,1755,99.83,98.96,1098722,73180,Claudia,De la Cruz,Ind,False,1019,0.09
20241105MS0,MS,Mississippi,Called,2024-11-07T19:59:00.004000+00:00,1752,1755,99.83,98.96,1098722,167861,Peter,Sonski,Ind,False,926,0.08
20241105MS0,MS,Mississippi,Called,2024-11-07T19:59:00.004000+00:00,1752,1755,99.83,98.96,1098722,167895,Shiva,Ayyadurai,Ind,False,650,0.06
20241105MT0,MT,Montana,Called,2024-11-07T23:41:26.524000+00:00,721,731,98.63,98.63,587508,8639,Donald,Trump,GOP,False,343576,58.48
20241105MT0,MT,Montana,Called,2024-11-07T23:41:26.524000+00:00,721,731,98.63,98.63,587508,64984,Kamala,Harris,Dem,False,225519,38.39
20241105MT0,MT,Montana,Called,2024-11-07T23:41:26.524000+00:00,721,731,98.63,98.63,587508,71841,Robert,Kennedy,WTP,False,11452,1.95
20241105MT0,MT,Montana,Called,2024-11-07T23:41:26.524000+00:00,721,731,98.63,98.63,587508,69459,Chase,Oliver,Lib,False,4147,0.71
20241105MT0,MT,Montana,Called,2024-11-07T23:41:26.524000+00:00,721,731,98.63,98.63,587508,895,Jill,Stein,Grn,False,2814,0.48
20241105NC0,NC,North Carolina,Called,2024-11-07T22:03:46.957000+00:00,2658,2658,100.0,99.0,5630085,8639,Donald,Trump,GOP,False,2877625,51.11
20241105NC0,NC,North Carolina,Called,2024-11-07T22:03:46.957000+00:00,2658,2658,100.0,99.0,5630085,64984,Kamala,Harris,Dem,False,2687633,47.74
20241105NC0,NC,North Carolina,Called,2024-11-07T22:03:46.957000+00:00,2658,2658,100.0,99.0,5630085,895,Jill,Stein,Grn,False,24345,0.43
20241105NC0,NC,North Carolina,Called,2024-11-07T22:03:46.957000+00:00,2658,2658,100.0,99.0,5630085,69459,Chase,Oliver,Lib,False,21808,0.39
20241105NC0,NC,North Carolina,Called,2024-11-07T22:03:46.957000+00:00,2658,2658,100.0,99.0,5630085,71845,Cornel,West,JfA,False,11885,0.21
20241105NC0,NC,North Carolina,Called,2024-11-07T22:03:46.957000+00:00,2658,2658,100.0,99.0,5630085,61513,Randall,Terry,CST,False,6789,0.12
20241105ND0,ND,North Dakota,Called,2024-11-07T18:04:29.878000+00:00,385,385,100.0,99.0,364270,8639,Donald,Trump,GOP,False,246019,67.54
20241105ND0,ND,North Dakota,Called,2024-11-07T18:04:29.878000+00:00,385,385,100.0,99.0,364270,64984,Kamala,Harris,Dem,False,112019,30.75
20241105ND0,ND,North Dakota,Called,2024-11-07T18:04:29.878000+00:00,385,385,100.0,99.0,364270,69459,Chase,Oliver,Lib,False,6232,1.71
20241105NE0,NE,Nebraska,Called,2024-11-07T23:02:51.138000+00:00,1292,1326,97.44,97.42,916415,8639,Donald,Trump,GOP,False,551550,60.19
20241105NE0,NE,Nebraska,Called,2024-11-07T23:02:51.138000+00:00,1292,1326,97.44,97.42,916415,64984,Kamala,Harris,Dem,False,353158,38.54
20241105NE0,NE,Nebraska,Called,2024-11-07T23:02:51.138000+00:00,1292,1326,97.44,97.42,916415,69459,Chase,Oliver,Lib,False,6116,0.67
20241105NE0,NE,Nebraska,Called,2024-11-07T23:02:51.138000+00:00,1292,1326,97.44,97.42,916415,71845,Cornel,West,LMN,False,2885,0.31
20241105NE0,NE,Nebraska,Called,2024-11-07T23:02:51.138000+00:00,1292,1326,97.44,97.42,916415,895,Jill,Stein,NP,False,2706,0.3
20241105NE82966,NE,Nebraska,Called,2024-11-07T23:02:51.539000+00:00,409,414,98.79,98.68,306311,8639,Donald,Trump,GOP,False,172362,56.27
20241105NE82966,NE,Nebraska,Called,2024-11-07T23:02:51.539000+00:00,409,414,98.79,98.68,306311,64984,Kamala,Harris,Dem,False,129732,42.35
20241105NE82966,NE,Nebraska,Called,2024-11-07T23:02:51.539000+00:00,409,414,98.79,98.68,306311,69459,Chase,Oliver,Lib,False,2298,0.75
20241105NE82966,NE,Nebraska,Called,2024-11-07T23:02:51.539000+00:00,409,414,98.79,98.68,306311,71845,Cornel,West,LMN,False,988,0.32
20241105NE82966,NE,Nebraska,Called,2024-11-07T23:02:51.539000+00:00,409,414,98.79,98.68,306311,895,Jill,Stein,NP,False,931,0.3
20241105NE82967,NE,Nebraska,Called,2024-11-07T22:11:37.604000+00:00,261,276,94.57,94.6,300018,64984,Kamala,Harris,Dem,False,153620,51.2
20241105NE82967,NE,Nebraska,Called,2024-11-07T22:11:37.604000+00:00,261,276,94.57,94.6,300018,8639,Donald,Trump,GOP,False,142499,47.5
20241105NE82967,NE,Nebraska,Called,2024-11-07T22:11:37.604000+00:00,261,276,94.57,94.6,300018,69459,Chase,Oliver,Lib,False,1855,0.62
20241105NE82967,NE,Nebraska,Called,2024-11-07T22:11:37.604000+00:00,261,276,94.57,94.6,300018,71845,Cornel,West,LMN,False,1033,0.34
20241105NE82967,NE,Nebraska,Called,2024-11-07T22:11:37.604000+00:00,261,276,94.57,94.6,300018,895,Jill,Stein,NP,False,1011,0.34
20241105NE82968,NE,Nebraska,Called,2024-11-07T22:53:50.806000+00:00,630,636,99.06,99.0,310086,8639,Donald,Trump,GOP,False,236689,76.33
20241105NE82968,NE,Nebraska,Called,2024-11-07T22:53:50.806000+00:00,630,636,99.06,99.0,310086,64984,Kamala,Harris,Dem,False,69806,22.51
20241105NE82968,NE,Nebraska,Called,2024-11-07T22:53:50.806000+00:00,630,636,99.06,99.0,310086,69459,Chase,Oliver,Lib,False,1963,0.63
20241105NE82968,NE,Nebraska,Called,2024-11-07T22:53:50.806000+00:00,630,636,99.06,99.0,310086,71845,Cornel,West,LMN,False,864,0.28
20241105NE82968,NE,Nebraska,Called,2024-11-07T22:53:50.806000+00:00,630,636,99.06,99.0,310086,895,Jill,Stein,NP,False,764,0.25
20241105NH0,NH,New Hampshire,Called,2024-11-07T22:50:42.470000+00:00,317,319,99.37,97.48,818859,64984,Kamala,Harris,Dem,False,416383,50.85
20241105NH0,NH,New Hampshire,Called,2024-11-07T22:50:42.470000+00:00,317,319,99.37,97.48,818859,8639,Donald,Trump,GOP,False,394446,48.17
20241105NH0,NH,New Hampshire,Called,2024-11-07T22:50:42.470000+00:00,317,319,99.37,97.48,818859,69459,Chase,Oliver,Lib,False,4379,0.53
20241105NH0,NH,New Hampshire,Called,2024-11-07T22:50:42.470000+00:00,317,319,99.37,97.48,818859,895,Jill,Stein,Grn,False,3651,0.45
20241105NJ0,NJ,New Jersey,Called,2024-11-07T23:39:37.208000+00:00,6008,6393,93.98,93.98,4097658,64984,Kamala,Harris,Dem,False,2116460,51.65
20241105NJ0,NJ,New Jersey,Called,2024-11-07T23:39:37.208000+00:00,6008,6393,93.98,93.98,4097658,8639,Donald,Trump,GOP,False,1902639,46.43
20241105NJ0,NJ,New Jersey,Called,2024-11-07T23:39:37.208000+00:00,6008,6393,93.98,93.98,4097658,895,Jill,Stein,Ind,False,36011,0.88
20241105NJ0,NJ,New Jersey,Called,2024-11-07T23:39:37.208000+00:00,6008,6393,93.98,93.98,4097658,71841,Robert,Kennedy,Ind,False,22376,0.55
20241105NJ0,NJ,New Jersey,Called,2024-11-07T23:39:37.208000+00:00,6008,6393,93.98,93.98,4097658,69459,Chase,Oliver,Ind,False,10053,0.25
20241105NJ0,NJ,New Jersey,Called,2024-11-07T23:39:37.208000+00:00,6008,6393,93.98,93.98,4097658,73180,Claudia,De la Cruz,Ind,False,4727,0.12
20241105NJ0,NJ,New Jersey,Called,2024-11-07T23:39:37.208000+00:00,6008,6393,93.98,93.98,4097658,61513,Randall,Terry,Ind,False,2903,0.07
20241105NJ0,NJ,New Jersey,Called,2024-11-07T23:39:37.208000+00:00,6008,6393,93.98,93.98,4097658,69442,Joseph,Kishore,Ind,False,1267,0.03
20241105NJ0,NJ,New Jersey,Called,2024-11-07T23:39:37.208000+00:00,6008,6393,93.98,93.98,4097658,167760,Rachele,Fruit,Ind,False,1222,0.03
20241105NM0,NM,New Mexico,Called,2024-11-07T23:04:26.483000+00:00,2126,2169,98.02,98.0,914926,64984,Kamala,Harris,Dem,False,473362,51.74
20241105NM0,NM,New Mexico,Called,2024-11-07T23:04:26.483000+00:00,2126,2169,98.02,98.0,914926,8639,Donald,Trump,GOP,False,420573,45.97
20241105NM0,NM,New Mexico,Called,2024-11-07T23:04:26.483000+00:00,2126,2169,98.02,98.0,914926,71841,Robert,Kennedy,DTS,False,9479,1.04
20241105NM0,NM,New Mexico,Called,2024-11-07T23:04:26.483000+00:00,2126,2169,98.02,98.0,914926,895,Jill,Stein,Grn,False,4545,0.5
20241105NM0,NM,New Mexico,Called,2024-11-07T23:04:26.483000+00:00,2126,2169,98.02,98.0,914926,69459,Chase,Oliver,Lib,False,3709,0.41
20241105NM0,NM,New Mexico,Called,2024-11-07T23:04:26.483000+00:00,2126,2169,98.02,98.0,914926,73180,Claudia,De la Cruz,PSL,False,2407,0.26
20241105NM0,NM,New Mexico,Called,2024-11-07T23:04:26.483000+00:00,2126,2169,98.02,98.0,914926,168010,Laura,Ebke,LPU,False,851,0.09
20241105NV0,NV,Nevada,Too Early to Call,2024-11-08T00:40:27.511000+00:00,1500,1643,91.3,91.31,1383771,8639,Donald,Trump,GOP,False,705372,50.97
20241105NV0,NV,Nevada,Too Early to Call,2024-11-08T00:40:27.511000+00:00,1500,1643,91.3,91.31,1383771,64984,Kamala,Harris,Dem,False,653129,47.2
20241105NV0,NV,Nevada,Too Early to Call,2024-11-08T00:40:27.511000+00:00,1500,1643,91.3,91.31,1383771,69459,Chase,Oliver,Lib,False,5325,0.38
20241105NV0,NV,Nevada,Too Early to Call,2024-11-08T00:40:27.511000+00:00,1500,1643,91.3,91.31,1383771,167871,Joel,Skousen,IAP,False,2489,0.18
20241105NY0,NY,New York,Called,2024-11-08T00:15:40.647000+00:00,12993,13413,96.87,96.87,7778414,64984,Kamala,Harris,Dem,False,4341453,55.81
20241105NY0,NY,New York,Called,2024-11-08T00:15:40.647000+00:00,12993,13413,96.87,96.87,7778414,8639,Donald,Trump,GOP,False,3436961,44.19
20241105OH0,OH,Ohio,Called,2024-11-07T21:11:40.399000+00:00,8878,8878,100.0,99.0,5642589,8639,Donald,Trump,GOP,False,3116579,55.23
20241105OH0,OH,Ohio,Called,2024-11-07T21:11:40.399000+00:00,8878,8878,100.0,99.0,5642589,64984,Kamala,Harris,Dem,False,2476003,43.88
20241105OH0,OH,Ohio,Called,2024-11-07T21:11:40.399000+00:00,8878,8878,100.0,99.0,5642589,69459,Chase,Oliver,Lib,False,27502,0.49
20241105OH0,OH,Ohio,Called,2024-11-07T21:11:40.399000+00:00,8878,8878,100.0,99.0,5642589,167862,Richard,Duncan,NPA,False,12532,0.22
20241105OH0,OH,Ohio,Called,2024-11-07T21:11:40.399000+00:00,8878,8878,100.0,99.0,5642589,167861,Peter,Sonski,Oth,False,9973,0.18
20241105OK0,OK,Oklahoma,Called,2024-11-07T23:31:51.201000+00:00,1984,1984,100.0,99.0,1564573,8639,Donald,Trump,GOP,False,1035217,66.17
20241105OK0,OK,Oklahoma,Called,2024-11-07T23:31:51.201000+00:00,1984,1984,100.0,99.0,1564573,64984,Kamala,Harris,Dem,False,499043,31.9
20241105OK0,OK,Oklahoma,Called,2024-11-07T23:31:51.201000+00:00,1984,1984,100.0,99.0,1564573,71841,Robert,Kennedy,Ind,False,15992,1.02
20241105OK0,OK,Oklahoma,Called,2024-11-07T23:31:51.201000+00:00,1984,1984,100.0,99.0,1564573,69459,Chase,Oliver,Lib,False,9184,0.59
20241105OK0,OK,Oklahoma,Called,2024-11-07T23:31:51.201000+00:00,1984,1984,100.0,99.0,1564573,167776,Chris,Garrity,Ind,False,5137,0.33
20241105OR0,OR,Oregon,Called,2024-11-08T02:16:33.013000+00:00,1063,1314,80.9,80.87,1928392,64984,Kamala,Harris,Dem,False,1059358,54.93
20241105OR0,OR,Oregon,Called,2024-11-08T02:16:33.013000+00:00,1063,1314,80.9,80.87,1928392,8639,Donald,Trump,GOP,False,813924,42.21
20241105OR0,OR,Oregon,Called,2024-11-08T02:16:33.013000+00:00,1063,1314,80.9,80.87,1928392,71841,Robert,Kennedy,WTP,False,27756,1.44
20241105OR0,OR,Oregon,Called,2024-11-08T02:16:33.013000+00:00,1063,1314,80.9,80.87,1928392,895,Jill,Stein,PAG,False,14398,0.75
20241105OR0,OR,Oregon,Called,2024-11-08T02:16:33.013000+00:00,1063,1314,80.9,80.87,1928392,69459,Chase,Oliver,Lib,False,7243,0.38
20241105OR0,OR,Oregon,Called,2024-11-08T02:16:33.013000+00:00,1063,1314,80.9,80.87,1928392,71845,Cornel,West,Prg,False,4184,0.22
20241105OR0,OR,Oregon,Called,2024-11-08T02:16:33.013000+00:00,1063,1314,80.9,80.87,1928392,61513,Randall,Terry,CST,False,1529,0.08
20241105PA0,PA,Pennsylvania,Called,2024-11-08T01:55:12.796000+00:00,9014,9156,98.45,98.45,6892512,8639,Donald,Trump,GOP,False,3480755,50.5
20241105PA0,PA,Pennsylvania,Called,2024-11-08T01:55:12.796000+00:00,9014,9156,98.45,98.45,6892512,64984,Kamala,Harris,Dem,False,3345388,48.54
20241105PA0,PA,Pennsylvania,Called,2024-11-08T01:55:12.796000+00:00,9014,9156,98.45,98.45,6892512,895,Jill,Stein,Grn,False,33622,0.49
20241105PA0,PA,Pennsylvania,Called,2024-11-08T01:55:12.796000+00:00,9014,9156,98.45,98.45,6892512,69459,Chase,Oliver,Lib,False,32747,0.48
20241105RI0,RI,Rhode Island,Called,2024-11-08T00:05:16.311000+00:00,453,453,100.0,99.0,506090,64984,Kamala,Harris,Dem,False,282110,55.74
20241105RI0,RI,Rhode Island,Called,2024-11-08T00:05:16.311000+00:00,453,453,100.0,99.0,506090,8639,Donald,Trump,GOP,False,213021,42.09
20241105RI0,RI,Rhode Island,Called,2024-11-08T00:05:16.311000+00:00,453,453,100.0,99.0,506090,71841,Robert,Kennedy,Ind,False,5010,0.99
20241105RI0,RI,Rhode Island,Called,2024-11-08T00:05:16.311000+00:00,453,453,100.0,99.0,506090,895,Jill,Stein,Grn,False,2840,0.56
20241105RI0,RI,Rhode Island,Called,2024-11-08T00:05:16.311000+00:00,453,453,100.0,99.0,506090,69459,Chase,Oliver,Lib,False,1603,0.32
20241105RI0,RI,Rhode Island,Called,2024-11-08T00:05:16.311000+00:00,453,453,100.0,99.0,506090,73180,Claudia,De la Cruz,PSL,False,1150,0.23
20241105RI0,RI,Rhode Island,Called,2024-11-08T00:05:16.311000+00:00,453,453,100.0,99.0,506090,166969,Robert,Wells,Ind,False,356,0.07
20241105SC0,SC,South Carolina,Called,2024-11-08T01:53:33.802000+00:00,2308,2308,100.0,99.0,2542760,8639,Donald,Trump,GOP,False,1480673,58.23
20241105SC0,SC,South Carolina,Called,2024-11-08T01:53:33.802000+00:00,2308,2308,100.0,99.0,2542760,64984,Kamala,Harris,Dem,False,1026225,40.36
20241105SC0,SC,South Carolina,Called,2024-11-08T01:53:33.802000+00:00,2308,2308,100.0,99.0,2542760,69459,Chase,Oliver,Lib,False,12641,0.5
20241105SC0,SC,South Carolina,Called,2024-11-08T01:53:33.802000+00:00,2308,2308,100.0,99.0,2542760,895,Jill,Stein,Grn,False,8091,0.32
20241105SC0,SC,South Carolina,Called,2024-11-08T01:53:33.802000+00:00,2308,2308,100.0,99.0,2542760,71845,Cornel,West,UCz,False,6736,0.26
20241105SC0,SC,South Carolina,Called,2024-11-08T01:53:33.802000+00:00,2308,2308,100.0,99.0,2542760,61513,Randall,Terry,CST,False,5343,0.21
20241105SC0,SC,South Carolina,Called,2024-11-08T01:53:33.802000+00:00,2308,2308,100.0,99.0,2542760,73180,Claudia,De la Cruz,SCW,False,3051,0.12
20241105SD0,SD,South Dakota,Called,2024-11-08T00:25:37.414000+00:00,691,691,100.0,99.0,428817,8639,Donald,Trump,GOP,False,272000,63.43
20241105SD0,SD,South Dakota,Called,2024-11-08T00:25:37.414000+00:00,691,691,100.0,99.0,428817,64984,Kamala,Harris,Dem,False,146837,34.24
20241105SD0,SD,South Dakota,Called,2024-11-08T00:25:37.414000+00:00,691,691,100.0,99.0,428817,71841,Robert,Kennedy,Ind,False,7202,1.68
20241105SD0,SD,South Dakota,Called,2024-11-08T00:25:37.414000+00:00,691,691,100.0,99.0,428817,69459,Chase,Oliver,Lib,False,2778,0.65
20241105TN0,TN,Tennessee,Called,2024-11-08T00:16:54.375000+00:00,1847,1866,98.98,99.0,3060294,8639,Donald,Trump,GOP,False,1964499,64.19
20241105TN0,TN,Tennessee,Called,2024-11-08T00:16:54.375000+00:00,1847,1866,98.98,99.0,3060294,64984,Kamala,Harris,Dem,False,1055039,34.48
20241105TN0,TN,Tennessee,Called,2024-11-08T00:16:54.375000+00:00,1847,1866,98.98,99.0,3060294,71841,Robert,Kennedy,Ind,False,21511,0.7
20241105TN0,TN,Tennessee,Called,2024-11-08T00:16:54.375000+00:00,1847,1866,98.98,99.0,3060294,895,Jill,Stein,Ind,False,8953,0.29
20241105TN0,TN,Tennessee,Called,2024-11-08T00:16:54.375000+00:00,1847,1866,98.98,99.0,3060294,167959,Jay,Bowman,Ind,False,5856,0.19
20241105TN0,TN,Tennessee,Called,2024-11-08T00:16:54.375000+00:00,1847,1866,98.98,99.0,3060294,73180,Claudia,De la Cruz,Ind,False,3451,0.11
20241105TN0,TN,Tennessee,Called,2024-11-08T00:16:54.375000+00:00,1847,1866,98.98,99.0,3060294,167760,Rachele,Fruit,Ind,False,985,0.03
20241105TX0,TX,Texas,Called,2024-11-08T01:35:41.629000+00:00,9414,9885,95.24,99.0,11332291,8639,Donald,Trump,GOP,False,6375338,56.26
20241105TX0,TX,Texas,Called,2024-11-08T01:35:41.629000+00:00,9414,9885,95.24,99.0,11332291,64984,Kamala,Harris,Dem,False,4806390,42.41
20241105TX0,TX,Texas,Called,2024-11-08T01:35:41.629000+00:00,9414,9885,95.24,99.0,11332291,895,Jill,Stein,Grn,False,82299,0.73
20241105TX0,TX,Texas,Called,2024-11-08T01:35:41.629000+00:00,9414,9885,95.24,99.0,11332291,69459,Chase,Oliver,Lib,False,68264,0.6
20241105US0,US,United States,Called,2024-11-08T02:17:37.642000+00:00,146255,174265,83.93,0,0,8639,Donald,Trump,GOP,False,73367036,50.73
20241105US0,US,United States,Called,2024-11-08T02:17:37.642000+00:00,146255,174265,83.93,0,0,64984,Kamala,Harris,Dem,False,69026116,47.73
20241105US0,US,United States,Called,2024-11-08T02:17:37.642000+00:00,146255,174265,83.93,0,0,895,Jill,Stein,Grn,False,658965,0.46
20241105US0,US,United States,Called,2024-11-08T02:17:37.642000+00:00,146255,174265,83.93,0,0,71841,Robert,Kennedy,Ind,False,636991,0.44
20241105US0,US,United States,Called,2024-11-08T02:17:37.642000+00:00,146255,174265,83.93,0,0,69459,Chase,Oliver,Lib,False,586043,0.41
20241105US0,US,United States,Called,2024-11-08T02:17:37.642000+00:00,146255,174265,83.93,0,0,73180,Claudia,De la Cruz,PSL,False,105956,0.07
20241105US0,US,United States,Called,2024-11-08T02:17:37.642000+00:00,146255,174265,83.93,0,0,71845,Cornel,West,JfA,False,65405,0.05
20241105US0,US,United States,Called,2024-11-08T02:17:37.642000+00:00,146255,174265,83.93,0,0,61513,Randall,Terry,CST,False,40754,0.03
20241105US0,US,United States,Called,2024-11-08T02:17:37.642000+00:00,146255,174265,83.93,0,0,167895,Shiva,Ayyadurai,Ind,False,27069,0.02
20241105US0,US,United States,Called,2024-11-08T02:17:37.642000+00:00,146255,174265,83.93,0,0,167861,Peter,Sonski,ASP,False,24137,0.02
20241105US0,US,United States,Called,2024-11-08T02:17:37.642000+00:00,146255,174265,83.93,0,0,167862,Richard,Duncan,NPA,False,12532,0.01
20241105US0,US,United States,Called,2024-11-08T02:17:37.642000+00:00,146255,174265,83.93,0,0,167871,Joel,Skousen,CST,False,9777,0.01
20241105US0,US,United States,Called,2024-11-08T02:17:37.642000+00:00,146255,174265,83.93,0,0,167959,Jay,Bowman,Ind,False,5856,0.0
20241105US0,US,United States,Called,2024-11-08T02:17:37.642000+00:00,146255,174265,83.93,0,0,167776,Chris,Garrity,Ind,False,5137,0.0
20241105US0,US,United States,Called,2024-11-08T02:17:37.642000+00:00,146255,174265,83.93,0,0,69442,Joseph,Kishore,SEP,False,4388,0.0
20241105US0,US,United States,Called,2024-11-08T02:17:37.642000+00:00,146255,174265,83.93,0,0,167760,Rachele,Fruit,SWP,False,3841,0.0
20241105US0,US,United States,Called,2024-11-08T02:17:37.642000+00:00,146255,174265,83.93,0,0,167894,Mattie,Preston,Oth,False,2857,0.0
20241105US0,US,United States,Called,2024-11-08T02:17:37.642000+00:00,146255,174265,83.93,0,0,69443,Blake,Huber,AVP,False,1943,0.0
20241105US0,US,United States,Called,2024-11-08T02:17:37.642000+00:00,146255,174265,83.93,0,0,167488,Lucifer,Everylove,Una,False,1760,0.0
20241105US0,US,United States,Called,2024-11-08T02:17:37.642000+00:00,146255,174265,83.93,0,0,168059,Michael,Wood,Pro,False,1142,0.0
20241105US0,US,United States,Called,2024-11-08T02:17:37.642000+00:00,146255,174265,83.93,0,0,1968,Vermin,Supreme,Con,False,914,0.0
20241105US0,US,United States,Called,2024-11-08T02:17:37.642000+00:00,146255,174265,83.93,0,0,168010,Laura,Ebke,Oth,False,851,0.0
20241105US0,US,United States,Called,2024-11-08T02:17:37.642000+00:00,146255,174265,83.93,0,0,167896,William,Stodden,SPU,False,361,0.0
20241105US0,US,United States,Called,2024-11-08T02:17:37.642000+00:00,146255,174265,83.93,0,0,166969,Robert,Wells,Ind,False,356,0.0
20241105UT0,UT,Utah,Called,2024-11-08T01:17:25.469000+00:00,2206,3105,71.05,71.06,1088651,8639,Donald,Trump,GOP,False,647278,59.46
20241105UT0,UT,Utah,Called,2024-11-08T01:17:25.469000+00:00,2206,3105,71.05,71.06,1088651,64984,Kamala,Harris,Dem,False,415373,38.15
20241105UT0,UT,Utah,Called,2024-11-08T01:17:25.469000+00:00,2206,3105,71.05,71.06,1088651,69459,Chase,Oliver,Lib,False,10291,0.95
20241105UT0,UT,Utah,Called,2024-11-08T01:17:25.469000+00:00,2206,3105,71.05,71.06,1088651,167871,Joel,Skousen,CST,False,5713,0.52
20241105UT0,UT,Utah,Called,2024-11-08T01:17:25.469000+00:00,2206,3105,71.05,71.06,1088651,895,Jill,Stein,Grn,False,4887,0.45
20241105UT0,UT,Utah,Called,2024-11-08T01:17:25.469000+00:00,2206,3105,71.05,71.06,1088651,73180,Claudia,De la Cruz,Una,False,1963,0.18
20241105UT0,UT,Utah,Called,2024-11-08T01:17:25.469000+00:00,2206,3105,71.05,71.06,1088651,167488,Lucifer,Everylove,Una,False,1760,0.16
20241105UT0,UT,Utah,Called,2024-11-08T01:17:25.469000+00:00,2206,3105,71.05,71.06,1088651,71845,Cornel,West,Una,False,1386,0.13
20241105VA0,VA,Virginia,Called,2024-11-08T01:54:54.045000+00:00,2534,2536,99.92,98.81,4311783,64984,Kamala,Harris,Dem,False,2233906,51.81
20241105VA0,VA,Virginia,Called,2024-11-08T01:54:54.045000+00:00,2534,2536,99.92,98.81,4311783,8639,Donald,Trump,GOP,False,2010188,46.62
20241105VA0,VA,Virginia,Called,2024-11-08T01:54:54.045000+00:00,2534,2536,99.92,98.81,4311783,895,Jill,Stein,Grn,False,32281,0.75
20241105VA0,VA,Virginia,Called,2024-11-08T01:54:54.045000+00:00,2534,2536,99.92,98.81,4311783,69459,Chase,Oliver,Lib,False,18924,0.44
20241105VA0,VA,Virginia,Called,2024-11-08T01:54:54.045000+00:00,2534,2536,99.92,98.81,4311783,71845,Cornel,West,Ind,False,8565,0.2
20241105VA0,VA,Virginia,Called,2024-11-08T01:54:54.045000+00:00,2534,2536,99.92,98.81,4311783,73180,Claudia,De la Cruz,Ind,False,7919,0.18
20241105VT0,VT,Vermont,Called,2024-11-07T22:16:45.218000+00:00,283,283,100.0,99.0,366394,64984,Kamala,Harris,Dem,False,235791,64.35
20241105VT0,VT,Vermont,Called,2024-11-07T22:16:45.218000+00:00,283,283,100.0,99.0,366394,8639,Donald,Trump,GOP,False,119390,32.59
20241105VT0,VT,Vermont,Called,2024-11-07T22:16:45.218000+00:00,283,283,100.0,99.0,366394,71841,Robert,Kennedy,WTP,False,5905,1.61
20241105VT0,VT,Vermont,Called,2024-11-07T22:16:45.218000+00:00,283,283,100.0,99.0,366394,69459,Chase,Oliver,Lib,False,1828,0.5
20241105VT0,VT,Vermont,Called,2024-11-07T22:16:45.218000+00:00,283,283,100.0,99.0,366394,73180,Claudia,De la Cruz,PSL,False,1710,0.47
20241105VT0,VT,Vermont,Called,2024-11-07T22:16:45.218000+00:00,283,283,100.0,99.0,366394,71845,Cornel,West,PJP,False,1559,0.43
20241105VT0,VT,Vermont,Called,2024-11-07T22:16:45.218000+00:00,283,283,100.0,99.0,366394,167760,Rachele,Fruit,SWP,False,211,0.06
20241105WA0,WA,Washington,Called,2024-11-08T02:12:19.196000+00:00,5187,6000,86.45,86.45,3214349,64984,Kamala,Harris,Dem,False,1876609,58.38
20241105WA0,WA,Washington,Called,2024-11-08T02:12:19.196000+00:00,5187,6000,86.45,86.45,3214349,8639,Donald,Trump,GOP,False,1250539,38.9
20241105WA0,WA,Washington,Called,2024-11-08T02:12:19.196000+00:00,5187,6000,86.45,86.45,3214349,71841,Robert,Kennedy,WTP,False,40286,1.25
20241105WA0,WA,Washington,Called,2024-11-08T02:12:19.196000+00:00,5187,6000,86.45,86.45,3214349,895,Jill,Stein,Grn,False,20471,0.64
20241105WA0,WA,Washington,Called,2024-11-08T02:12:19.196000+00:00,5187,6000,86.45,86.45,3214349,69459,Chase,Oliver,Lib,False,12015,0.37
20241105WA0,WA,Washington,Called,2024-11-08T02:12:19.196000+00:00,5187,6000,86.45,86.45,3214349,73180,Claudia,De la Cruz,PSL,False,5694,0.18
20241105WA0,WA,Washington,Called,2024-11-08T02:12:19.196000+00:00,5187,6000,86.45,86.45,3214349,71845,Cornel,West,JfA,False,4963,0.15
20241105WA0,WA,Washington,Called,2024-11-08T02:12:19.196000+00:00,5187,6000,86.45,86.45,3214349,167895,Shiva,Ayyadurai,Ind,False,2481,0.08
20241105WA0,WA,Washington,Called,2024-11-08T02:12:19.196000+00:00,5187,6000,86.45,86.45,3214349,69442,Joseph,Kishore,SEP,False,685,0.02
20241105WA0,WA,Washington,Called,2024-11-08T02:12:19.196000+00:00,5187,6000,86.45,86.45,3214349,167760,Rachele,Fruit,SWP,False,606,0.02
20241105WI0,WI,Wisconsin,Called,2024-11-07T22:03:56.563000+00:00,3594,3594,100.0,99.0,3414362,8639,Donald,Trump,GOP,False,1697219,49.71
20241105WI0,WI,Wisconsin,Called,2024-11-07T22:03:56.563000+00:00,3594,3594,100.0,99.0,3414362,64984,Kamala,Harris,Dem,False,1667852,48.85
20241105WI0,WI,Wisconsin,Called,2024-11-07T22:03:56.563000+00:00,3594,3594,100.0,99.0,3414362,71841,Robert,Kennedy,WTP,False,17678,0.52
20241105WI0,WI,Wisconsin,Called,2024-11-07T22:03:56.563000+00:00,3594,3594,100.0,99.0,3414362,895,Jill,Stein,Grn,False,12266,0.36
20241105WI0,WI,Wisconsin,Called,2024-11-07T22:03:56.563000+00:00,3594,3594,100.0,99.0,3414362,69459,Chase,Oliver,Lib,False,10501,0.31
20241105WI0,WI,Wisconsin,Called,2024-11-07T22:03:56.563000+00:00,3594,3594,100.0,99.0,3414362,61513,Randall,Terry,CST,False,4056,0.12
20241105WI0,WI,Wisconsin,Called,2024-11-07T22:03:56.563000+00:00,3594,3594,100.0,99.0,3414362,71845,Cornel,West,JfA,False,2749,0.08
20241105WI0,WI,Wisconsin,Called,2024-11-07T22:03:56.563000+00:00,3594,3594,100.0,99.0,3414362,73180,Claudia,De la Cruz,PSL,False,2041,0.06
20241105WV0,WV,West Virginia,Called,2024-11-07T16:58:03.015000+00:00,1657,1657,100.0,99.0,752246,8639,Donald,Trump,GOP,False,527704,70.15
20241105WV0,WV,West Virginia,Called,2024-11-07T16:58:03.015000+00:00,1657,1657,100.0,99.0,752246,64984,Kamala,Harris,Dem,False,210223,27.95
20241105WV0,WV,West Virginia,Called,2024-11-07T16:58:03.015000+00:00,1657,1657,100.0,99.0,752246,71841,Robert,Kennedy,Ind,False,8842,1.18
20241105WV0,WV,West Virginia,Called,2024-11-07T16:58:03.015000+00:00,1657,1657,100.0,99.0,752246,69459,Chase,Oliver,Lib,False,2995,0.4
20241105WV0,WV,West Virginia,Called,2024-11-07T16:58:03.015000+00:00,1657,1657,100.0,99.0,752246,895,Jill,Stein,Mnt,False,2482,0.33
20241105WY0,WY,Wyoming,Called,2024-11-07T16:30:31.457000+00:00,453,453,100.0,98.97,266275,8639,Donald,Trump,GOP,False,192576,72.32
20241105WY0,WY,Wyoming,Called,2024-11-07T16:30:31.457000+00:00,453,453,100.0,98.97,266275,64984,Kamala,Harris,Dem,False,69508,26.1
20241105WY0,WY,Wyoming,Called,2024-11-07T16:30:31.457000+00:00,453,453,100.0,98.97,266275,69459,Chase,Oliver,Lib,False,4191,1.57
